,MSE,RMSE,MAE
Adaptive Model,2.705011747958,2.00691141157204,1.505846757429364
