Country,MSE,RMSE,MAE,Training Time (s)
Italy,1.6218668515008023,1.2735253635090282,1.2449295442203347,619.615644
